,0,1
0,"{'max_depth': 2, 'min_samples_leaf': 1, 'min_samples_split': 5}",0.7836600019698612
1,"{'max_depth': 2, 'min_samples_leaf': 1, 'min_samples_split': 6}",0.7836600019698612
2,"{'max_depth': 2, 'min_samples_leaf': 1, 'min_samples_split': 7}",0.7836600019698612
3,"{'max_depth': 2, 'min_samples_leaf': 1, 'min_samples_split': 8}",0.7836600019698612
4,"{'max_depth': 2, 'min_samples_leaf': 1, 'min_samples_split': 9}",0.7836600019698612
5,"{'max_depth': 2, 'min_samples_leaf': 1, 'min_samples_split': 10}",0.7836600019698612
6,"{'max_depth': 2, 'min_samples_leaf': 1, 'min_samples_split': 11}",0.7836600019698612
7,"{'max_depth': 2, 'min_samples_leaf': 1, 'min_samples_split': 12}",0.7836600019698612
8,"{'max_depth': 2, 'min_samples_leaf': 1, 'min_samples_split': 13}",0.7836600019698612
9,"{'max_depth': 2, 'min_samples_leaf': 1, 'min_samples_split': 14}",0.7836600019698612
10,"{'max_depth': 2, 'min_samples_leaf': 2, 'min_samples_split': 5}",0.7836600019698612
11,"{'max_depth': 2, 'min_samples_leaf': 2, 'min_samples_split': 6}",0.7836600019698612
12,"{'max_depth': 2, 'min_samples_leaf': 2, 'min_samples_split': 7}",0.7836600019698612
13,"{'max_depth': 2, 'min_samples_leaf': 2, 'min_samples_split': 8}",0.7836600019698612
14,"{'max_depth': 2, 'min_samples_leaf': 2, 'min_samples_split': 9}",0.7836600019698612
15,"{'max_depth': 2, 'min_samples_leaf': 2, 'min_samples_split': 10}",0.7836600019698612
16,"{'max_depth': 2, 'min_samples_leaf': 2, 'min_samples_split': 11}",0.7836600019698612
17,"{'max_depth': 2, 'min_samples_leaf': 2, 'min_samples_split': 12}",0.7836600019698612
18,"{'max_depth': 2, 'min_samples_leaf': 2, 'min_samples_split': 13}",0.7836600019698612
19,"{'max_depth': 2, 'min_samples_leaf': 2, 'min_samples_split': 14}",0.7836600019698612
20,"{'max_depth': 2, 'min_samples_leaf': 3, 'min_samples_split': 5}",0.7836600019698612
21,"{'max_depth': 2, 'min_samples_leaf': 3, 'min_samples_split': 6}",0.7836600019698612
22,"{'max_depth': 2, 'min_samples_leaf': 3, 'min_samples_split': 7}",0.7836600019698612
23,"{'max_depth': 2, 'min_samples_leaf': 3, 'min_samples_split': 8}",0.7836600019698612
24,"{'max_depth': 2, 'min_samples_leaf': 3, 'min_samples_split': 9}",0.7836600019698612
25,"{'max_depth': 2, 'min_samples_leaf': 3, 'min_samples_split': 10}",0.7836600019698612
26,"{'max_depth': 2, 'min_samples_leaf': 3, 'min_samples_split': 11}",0.7836600019698612
27,"{'max_depth': 2, 'min_samples_leaf': 3, 'min_samples_split': 12}",0.7836600019698612
28,"{'max_depth': 2, 'min_samples_leaf': 3, 'min_samples_split': 13}",0.7836600019698612
29,"{'max_depth': 2, 'min_samples_leaf': 3, 'min_samples_split': 14}",0.7836600019698612
30,"{'max_depth': 2, 'min_samples_leaf': 4, 'min_samples_split': 5}",0.7836600019698612
31,"{'max_depth': 2, 'min_samples_leaf': 4, 'min_samples_split': 6}",0.7836600019698612
32,"{'max_depth': 2, 'min_samples_leaf': 4, 'min_samples_split': 7}",0.7836600019698612
33,"{'max_depth': 2, 'min_samples_leaf': 4, 'min_samples_split': 8}",0.7836600019698612
34,"{'max_depth': 2, 'min_samples_leaf': 4, 'min_samples_split': 9}",0.7836600019698612
35,"{'max_depth': 2, 'min_samples_leaf': 4, 'min_samples_split': 10}",0.7836600019698612
36,"{'max_depth': 2, 'min_samples_leaf': 4, 'min_samples_split': 11}",0.7836600019698612
37,"{'max_depth': 2, 'min_samples_leaf': 4, 'min_samples_split': 12}",0.7836600019698612
38,"{'max_depth': 2, 'min_samples_leaf': 4, 'min_samples_split': 13}",0.7836600019698612
39,"{'max_depth': 2, 'min_samples_leaf': 4, 'min_samples_split': 14}",0.7836600019698612
40,"{'max_depth': 2, 'min_samples_leaf': 5, 'min_samples_split': 5}",0.7836600019698612
41,"{'max_depth': 2, 'min_samples_leaf': 5, 'min_samples_split': 6}",0.7836600019698612
42,"{'max_depth': 2, 'min_samples_leaf': 5, 'min_samples_split': 7}",0.7836600019698612
43,"{'max_depth': 2, 'min_samples_leaf': 5, 'min_samples_split': 8}",0.7836600019698612
44,"{'max_depth': 2, 'min_samples_leaf': 5, 'min_samples_split': 9}",0.7836600019698612
45,"{'max_depth': 2, 'min_samples_leaf': 5, 'min_samples_split': 10}",0.7836600019698612
46,"{'max_depth': 2, 'min_samples_leaf': 5, 'min_samples_split': 11}",0.7836600019698612
47,"{'max_depth': 2, 'min_samples_leaf': 5, 'min_samples_split': 12}",0.7836600019698612
48,"{'max_depth': 2, 'min_samples_leaf': 5, 'min_samples_split': 13}",0.7836600019698612
49,"{'max_depth': 2, 'min_samples_leaf': 5, 'min_samples_split': 14}",0.7836600019698612
50,"{'max_depth': 2, 'min_samples_leaf': 6, 'min_samples_split': 5}",0.7836600019698612
51,"{'max_depth': 2, 'min_samples_leaf': 6, 'min_samples_split': 6}",0.7836600019698612
52,"{'max_depth': 2, 'min_samples_leaf': 6, 'min_samples_split': 7}",0.7836600019698612
53,"{'max_depth': 2, 'min_samples_leaf': 6, 'min_samples_split': 8}",0.7836600019698612
54,"{'max_depth': 2, 'min_samples_leaf': 6, 'min_samples_split': 9}",0.7836600019698612
55,"{'max_depth': 2, 'min_samples_leaf': 6, 'min_samples_split': 10}",0.7836600019698612
56,"{'max_depth': 2, 'min_samples_leaf': 6, 'min_samples_split': 11}",0.7836600019698612
57,"{'max_depth': 2, 'min_samples_leaf': 6, 'min_samples_split': 12}",0.7836600019698612
58,"{'max_depth': 2, 'min_samples_leaf': 6, 'min_samples_split': 13}",0.7836600019698612
59,"{'max_depth': 2, 'min_samples_leaf': 6, 'min_samples_split': 14}",0.7836600019698612
60,"{'max_depth': 2, 'min_samples_leaf': 7, 'min_samples_split': 5}",0.7836600019698612
61,"{'max_depth': 2, 'min_samples_leaf': 7, 'min_samples_split': 6}",0.7836600019698612
62,"{'max_depth': 2, 'min_samples_leaf': 7, 'min_samples_split': 7}",0.7836600019698612
63,"{'max_depth': 2, 'min_samples_leaf': 7, 'min_samples_split': 8}",0.7836600019698612
64,"{'max_depth': 2, 'min_samples_leaf': 7, 'min_samples_split': 9}",0.7836600019698612
65,"{'max_depth': 2, 'min_samples_leaf': 7, 'min_samples_split': 10}",0.7836600019698612
66,"{'max_depth': 2, 'min_samples_leaf': 7, 'min_samples_split': 11}",0.7836600019698612
67,"{'max_depth': 2, 'min_samples_leaf': 7, 'min_samples_split': 12}",0.7836600019698612
68,"{'max_depth': 2, 'min_samples_leaf': 7, 'min_samples_split': 13}",0.7836600019698612
69,"{'max_depth': 2, 'min_samples_leaf': 7, 'min_samples_split': 14}",0.7836600019698612
70,"{'max_depth': 2, 'min_samples_leaf': 8, 'min_samples_split': 5}",0.7836600019698612
71,"{'max_depth': 2, 'min_samples_leaf': 8, 'min_samples_split': 6}",0.7836600019698612
72,"{'max_depth': 2, 'min_samples_leaf': 8, 'min_samples_split': 7}",0.7836600019698612
73,"{'max_depth': 2, 'min_samples_leaf': 8, 'min_samples_split': 8}",0.7836600019698612
74,"{'max_depth': 2, 'min_samples_leaf': 8, 'min_samples_split': 9}",0.7836600019698612
75,"{'max_depth': 2, 'min_samples_leaf': 8, 'min_samples_split': 10}",0.7836600019698612
76,"{'max_depth': 2, 'min_samples_leaf': 8, 'min_samples_split': 11}",0.7836600019698612
77,"{'max_depth': 2, 'min_samples_leaf': 8, 'min_samples_split': 12}",0.7836600019698612
78,"{'max_depth': 2, 'min_samples_leaf': 8, 'min_samples_split': 13}",0.7836600019698612
79,"{'max_depth': 2, 'min_samples_leaf': 8, 'min_samples_split': 14}",0.7836600019698612
80,"{'max_depth': 2, 'min_samples_leaf': 9, 'min_samples_split': 5}",0.7836600019698612
81,"{'max_depth': 2, 'min_samples_leaf': 9, 'min_samples_split': 6}",0.7836600019698612
82,"{'max_depth': 2, 'min_samples_leaf': 9, 'min_samples_split': 7}",0.7836600019698612
83,"{'max_depth': 2, 'min_samples_leaf': 9, 'min_samples_split': 8}",0.7836600019698612
84,"{'max_depth': 2, 'min_samples_leaf': 9, 'min_samples_split': 9}",0.7836600019698612
85,"{'max_depth': 2, 'min_samples_leaf': 9, 'min_samples_split': 10}",0.7836600019698612
86,"{'max_depth': 2, 'min_samples_leaf': 9, 'min_samples_split': 11}",0.7836600019698612
87,"{'max_depth': 2, 'min_samples_leaf': 9, 'min_samples_split': 12}",0.7836600019698612
88,"{'max_depth': 2, 'min_samples_leaf': 9, 'min_samples_split': 13}",0.7836600019698612
89,"{'max_depth': 2, 'min_samples_leaf': 9, 'min_samples_split': 14}",0.7836600019698612
90,"{'max_depth': 3, 'min_samples_leaf': 1, 'min_samples_split': 5}",0.8005023145868216
91,"{'max_depth': 3, 'min_samples_leaf': 1, 'min_samples_split': 6}",0.8019107652910471
92,"{'max_depth': 3, 'min_samples_leaf': 1, 'min_samples_split': 7}",0.801900915985423
93,"{'max_depth': 3, 'min_samples_leaf': 1, 'min_samples_split': 8}",0.8033093666896484
94,"{'max_depth': 3, 'min_samples_leaf': 1, 'min_samples_split': 9}",0.801900915985423
95,"{'max_depth': 3, 'min_samples_leaf': 1, 'min_samples_split': 10}",0.8033093666896484
96,"{'max_depth': 3, 'min_samples_leaf': 1, 'min_samples_split': 11}",0.8005023145868216
97,"{'max_depth': 3, 'min_samples_leaf': 1, 'min_samples_split': 12}",0.801900915985423
98,"{'max_depth': 3, 'min_samples_leaf': 1, 'min_samples_split': 13}",0.8005023145868216
99,"{'max_depth': 3, 'min_samples_leaf': 1, 'min_samples_split': 14}",0.8019107652910471
100,"{'max_depth': 3, 'min_samples_leaf': 2, 'min_samples_split': 5}",0.8019107652910471
101,"{'max_depth': 3, 'min_samples_leaf': 2, 'min_samples_split': 6}",0.8019107652910471
102,"{'max_depth': 3, 'min_samples_leaf': 2, 'min_samples_split': 7}",0.8019107652910471
103,"{'max_depth': 3, 'min_samples_leaf': 2, 'min_samples_split': 8}",0.8019107652910471
104,"{'max_depth': 3, 'min_samples_leaf': 2, 'min_samples_split': 9}",0.8019107652910471
105,"{'max_depth': 3, 'min_samples_leaf': 2, 'min_samples_split': 10}",0.8033093666896484
106,"{'max_depth': 3, 'min_samples_leaf': 2, 'min_samples_split': 11}",0.8033093666896484
107,"{'max_depth': 3, 'min_samples_leaf': 2, 'min_samples_split': 12}",0.8019107652910471
108,"{'max_depth': 3, 'min_samples_leaf': 2, 'min_samples_split': 13}",0.8033093666896484
109,"{'max_depth': 3, 'min_samples_leaf': 2, 'min_samples_split': 14}",0.8033093666896484
110,"{'max_depth': 3, 'min_samples_leaf': 3, 'min_samples_split': 5}",0.8033093666896484
111,"{'max_depth': 3, 'min_samples_leaf': 3, 'min_samples_split': 6}",0.801900915985423
112,"{'max_depth': 3, 'min_samples_leaf': 3, 'min_samples_split': 7}",0.801900915985423
113,"{'max_depth': 3, 'min_samples_leaf': 3, 'min_samples_split': 8}",0.801900915985423
114,"{'max_depth': 3, 'min_samples_leaf': 3, 'min_samples_split': 9}",0.8033093666896484
115,"{'max_depth': 3, 'min_samples_leaf': 3, 'min_samples_split': 10}",0.8033093666896484
116,"{'max_depth': 3, 'min_samples_leaf': 3, 'min_samples_split': 11}",0.801900915985423
117,"{'max_depth': 3, 'min_samples_leaf': 3, 'min_samples_split': 12}",0.8033093666896484
118,"{'max_depth': 3, 'min_samples_leaf': 3, 'min_samples_split': 13}",0.801900915985423
119,"{'max_depth': 3, 'min_samples_leaf': 3, 'min_samples_split': 14}",0.801900915985423
120,"{'max_depth': 3, 'min_samples_leaf': 4, 'min_samples_split': 5}",0.801900915985423
121,"{'max_depth': 3, 'min_samples_leaf': 4, 'min_samples_split': 6}",0.801900915985423
122,"{'max_depth': 3, 'min_samples_leaf': 4, 'min_samples_split': 7}",0.801900915985423
123,"{'max_depth': 3, 'min_samples_leaf': 4, 'min_samples_split': 8}",0.801900915985423
124,"{'max_depth': 3, 'min_samples_leaf': 4, 'min_samples_split': 9}",0.801900915985423
125,"{'max_depth': 3, 'min_samples_leaf': 4, 'min_samples_split': 10}",0.801900915985423
126,"{'max_depth': 3, 'min_samples_leaf': 4, 'min_samples_split': 11}",0.801900915985423
127,"{'max_depth': 3, 'min_samples_leaf': 4, 'min_samples_split': 12}",0.801900915985423
128,"{'max_depth': 3, 'min_samples_leaf': 4, 'min_samples_split': 13}",0.801900915985423
129,"{'max_depth': 3, 'min_samples_leaf': 4, 'min_samples_split': 14}",0.801900915985423
130,"{'max_depth': 3, 'min_samples_leaf': 5, 'min_samples_split': 5}",0.801900915985423
131,"{'max_depth': 3, 'min_samples_leaf': 5, 'min_samples_split': 6}",0.801900915985423
132,"{'max_depth': 3, 'min_samples_leaf': 5, 'min_samples_split': 7}",0.801900915985423
133,"{'max_depth': 3, 'min_samples_leaf': 5, 'min_samples_split': 8}",0.801900915985423
134,"{'max_depth': 3, 'min_samples_leaf': 5, 'min_samples_split': 9}",0.801900915985423
135,"{'max_depth': 3, 'min_samples_leaf': 5, 'min_samples_split': 10}",0.801900915985423
136,"{'max_depth': 3, 'min_samples_leaf': 5, 'min_samples_split': 11}",0.801900915985423
137,"{'max_depth': 3, 'min_samples_leaf': 5, 'min_samples_split': 12}",0.801900915985423
138,"{'max_depth': 3, 'min_samples_leaf': 5, 'min_samples_split': 13}",0.801900915985423
139,"{'max_depth': 3, 'min_samples_leaf': 5, 'min_samples_split': 14}",0.801900915985423
140,"{'max_depth': 3, 'min_samples_leaf': 6, 'min_samples_split': 5}",0.801900915985423
141,"{'max_depth': 3, 'min_samples_leaf': 6, 'min_samples_split': 6}",0.801900915985423
142,"{'max_depth': 3, 'min_samples_leaf': 6, 'min_samples_split': 7}",0.801900915985423
143,"{'max_depth': 3, 'min_samples_leaf': 6, 'min_samples_split': 8}",0.801900915985423
144,"{'max_depth': 3, 'min_samples_leaf': 6, 'min_samples_split': 9}",0.801900915985423
145,"{'max_depth': 3, 'min_samples_leaf': 6, 'min_samples_split': 10}",0.801900915985423
146,"{'max_depth': 3, 'min_samples_leaf': 6, 'min_samples_split': 11}",0.801900915985423
147,"{'max_depth': 3, 'min_samples_leaf': 6, 'min_samples_split': 12}",0.801900915985423
148,"{'max_depth': 3, 'min_samples_leaf': 6, 'min_samples_split': 13}",0.801900915985423
149,"{'max_depth': 3, 'min_samples_leaf': 6, 'min_samples_split': 14}",0.801900915985423
150,"{'max_depth': 3, 'min_samples_leaf': 7, 'min_samples_split': 5}",0.801900915985423
151,"{'max_depth': 3, 'min_samples_leaf': 7, 'min_samples_split': 6}",0.801900915985423
152,"{'max_depth': 3, 'min_samples_leaf': 7, 'min_samples_split': 7}",0.801900915985423
153,"{'max_depth': 3, 'min_samples_leaf': 7, 'min_samples_split': 8}",0.801900915985423
154,"{'max_depth': 3, 'min_samples_leaf': 7, 'min_samples_split': 9}",0.801900915985423
155,"{'max_depth': 3, 'min_samples_leaf': 7, 'min_samples_split': 10}",0.801900915985423
156,"{'max_depth': 3, 'min_samples_leaf': 7, 'min_samples_split': 11}",0.801900915985423
157,"{'max_depth': 3, 'min_samples_leaf': 7, 'min_samples_split': 12}",0.801900915985423
158,"{'max_depth': 3, 'min_samples_leaf': 7, 'min_samples_split': 13}",0.801900915985423
159,"{'max_depth': 3, 'min_samples_leaf': 7, 'min_samples_split': 14}",0.801900915985423
160,"{'max_depth': 3, 'min_samples_leaf': 8, 'min_samples_split': 5}",0.801900915985423
161,"{'max_depth': 3, 'min_samples_leaf': 8, 'min_samples_split': 6}",0.801900915985423
162,"{'max_depth': 3, 'min_samples_leaf': 8, 'min_samples_split': 7}",0.801900915985423
163,"{'max_depth': 3, 'min_samples_leaf': 8, 'min_samples_split': 8}",0.801900915985423
164,"{'max_depth': 3, 'min_samples_leaf': 8, 'min_samples_split': 9}",0.801900915985423
165,"{'max_depth': 3, 'min_samples_leaf': 8, 'min_samples_split': 10}",0.801900915985423
166,"{'max_depth': 3, 'min_samples_leaf': 8, 'min_samples_split': 11}",0.801900915985423
167,"{'max_depth': 3, 'min_samples_leaf': 8, 'min_samples_split': 12}",0.801900915985423
168,"{'max_depth': 3, 'min_samples_leaf': 8, 'min_samples_split': 13}",0.801900915985423
169,"{'max_depth': 3, 'min_samples_leaf': 8, 'min_samples_split': 14}",0.801900915985423
170,"{'max_depth': 3, 'min_samples_leaf': 9, 'min_samples_split': 5}",0.801900915985423
171,"{'max_depth': 3, 'min_samples_leaf': 9, 'min_samples_split': 6}",0.801900915985423
172,"{'max_depth': 3, 'min_samples_leaf': 9, 'min_samples_split': 7}",0.801900915985423
173,"{'max_depth': 3, 'min_samples_leaf': 9, 'min_samples_split': 8}",0.801900915985423
174,"{'max_depth': 3, 'min_samples_leaf': 9, 'min_samples_split': 9}",0.801900915985423
175,"{'max_depth': 3, 'min_samples_leaf': 9, 'min_samples_split': 10}",0.801900915985423
176,"{'max_depth': 3, 'min_samples_leaf': 9, 'min_samples_split': 11}",0.801900915985423
177,"{'max_depth': 3, 'min_samples_leaf': 9, 'min_samples_split': 12}",0.801900915985423
178,"{'max_depth': 3, 'min_samples_leaf': 9, 'min_samples_split': 13}",0.801900915985423
179,"{'max_depth': 3, 'min_samples_leaf': 9, 'min_samples_split': 14}",0.801900915985423
180,"{'max_depth': 4, 'min_samples_leaf': 1, 'min_samples_split': 5}",0.7710627400768246
181,"{'max_depth': 4, 'min_samples_leaf': 1, 'min_samples_split': 6}",0.7696542893725993
182,"{'max_depth': 4, 'min_samples_leaf': 1, 'min_samples_split': 7}",0.772461341475426
183,"{'max_depth': 4, 'min_samples_leaf': 1, 'min_samples_split': 8}",0.7738697921796514
184,"{'max_depth': 4, 'min_samples_leaf': 1, 'min_samples_split': 9}",0.7710627400768246
185,"{'max_depth': 4, 'min_samples_leaf': 1, 'min_samples_split': 10}",0.77247119078105
186,"{'max_depth': 4, 'min_samples_leaf': 1, 'min_samples_split': 11}",0.7710528907712006
187,"{'max_depth': 4, 'min_samples_leaf': 1, 'min_samples_split': 12}",0.772461341475426
188,"{'max_depth': 4, 'min_samples_leaf': 1, 'min_samples_split': 13}",0.7696542893725993
189,"{'max_depth': 4, 'min_samples_leaf': 1, 'min_samples_split': 14}",0.7710627400768246
190,"{'max_depth': 4, 'min_samples_leaf': 2, 'min_samples_split': 5}",0.7668866344922682
191,"{'max_depth': 4, 'min_samples_leaf': 2, 'min_samples_split': 6}",0.7668866344922682
192,"{'max_depth': 4, 'min_samples_leaf': 2, 'min_samples_split': 7}",0.7654880330936669
193,"{'max_depth': 4, 'min_samples_leaf': 2, 'min_samples_split': 8}",0.7668866344922682
194,"{'max_depth': 4, 'min_samples_leaf': 2, 'min_samples_split': 9}",0.7682852358908697
195,"{'max_depth': 4, 'min_samples_leaf': 2, 'min_samples_split': 10}",0.765468334482419
196,"{'max_depth': 4, 'min_samples_leaf': 2, 'min_samples_split': 11}",0.7668767851866444
197,"{'max_depth': 4, 'min_samples_leaf': 2, 'min_samples_split': 12}",0.765468334482419
198,"{'max_depth': 4, 'min_samples_leaf': 2, 'min_samples_split': 13}",0.765468334482419
199,"{'max_depth': 4, 'min_samples_leaf': 2, 'min_samples_split': 14}",0.765468334482419
200,"{'max_depth': 4, 'min_samples_leaf': 3, 'min_samples_split': 5}",0.7682556879739978
201,"{'max_depth': 4, 'min_samples_leaf': 3, 'min_samples_split': 6}",0.7682556879739978
202,"{'max_depth': 4, 'min_samples_leaf': 3, 'min_samples_split': 7}",0.7682556879739978
203,"{'max_depth': 4, 'min_samples_leaf': 3, 'min_samples_split': 8}",0.7682458386683738
204,"{'max_depth': 4, 'min_samples_leaf': 3, 'min_samples_split': 9}",0.7696542893725992
205,"{'max_depth': 4, 'min_samples_leaf': 3, 'min_samples_split': 10}",0.7668373879641485
206,"{'max_depth': 4, 'min_samples_leaf': 3, 'min_samples_split': 11}",0.7668373879641485
207,"{'max_depth': 4, 'min_samples_leaf': 3, 'min_samples_split': 12}",0.7668373879641485
208,"{'max_depth': 4, 'min_samples_leaf': 3, 'min_samples_split': 13}",0.7668373879641485
209,"{'max_depth': 4, 'min_samples_leaf': 3, 'min_samples_split': 14}",0.76823598936275
210,"{'max_depth': 4, 'min_samples_leaf': 4, 'min_samples_split': 5}",0.7597951344430218
211,"{'max_depth': 4, 'min_samples_leaf': 4, 'min_samples_split': 6}",0.7597951344430218
212,"{'max_depth': 4, 'min_samples_leaf': 4, 'min_samples_split': 7}",0.7597951344430218
213,"{'max_depth': 4, 'min_samples_leaf': 4, 'min_samples_split': 8}",0.7583866837387964
214,"{'max_depth': 4, 'min_samples_leaf': 4, 'min_samples_split': 9}",0.7583866837387964
215,"{'max_depth': 4, 'min_samples_leaf': 4, 'min_samples_split': 10}",0.7569782330345711
216,"{'max_depth': 4, 'min_samples_leaf': 4, 'min_samples_split': 11}",0.7569782330345711
217,"{'max_depth': 4, 'min_samples_leaf': 4, 'min_samples_split': 12}",0.7569782330345711
218,"{'max_depth': 4, 'min_samples_leaf': 4, 'min_samples_split': 13}",0.7569782330345711
219,"{'max_depth': 4, 'min_samples_leaf': 4, 'min_samples_split': 14}",0.7583768344331725
220,"{'max_depth': 4, 'min_samples_leaf': 5, 'min_samples_split': 5}",0.7583768344331725
221,"{'max_depth': 4, 'min_samples_leaf': 5, 'min_samples_split': 6}",0.7583768344331725
222,"{'max_depth': 4, 'min_samples_leaf': 5, 'min_samples_split': 7}",0.7583768344331725
223,"{'max_depth': 4, 'min_samples_leaf': 5, 'min_samples_split': 8}",0.7583768344331725
224,"{'max_depth': 4, 'min_samples_leaf': 5, 'min_samples_split': 9}",0.7583768344331725
225,"{'max_depth': 4, 'min_samples_leaf': 5, 'min_samples_split': 10}",0.7583768344331725
226,"{'max_depth': 4, 'min_samples_leaf': 5, 'min_samples_split': 11}",0.7583768344331725
227,"{'max_depth': 4, 'min_samples_leaf': 5, 'min_samples_split': 12}",0.7583768344331725
228,"{'max_depth': 4, 'min_samples_leaf': 5, 'min_samples_split': 13}",0.7583768344331725
229,"{'max_depth': 4, 'min_samples_leaf': 5, 'min_samples_split': 14}",0.7583768344331725
230,"{'max_depth': 4, 'min_samples_leaf': 6, 'min_samples_split': 5}",0.7597852851373978
231,"{'max_depth': 4, 'min_samples_leaf': 6, 'min_samples_split': 6}",0.7597852851373978
232,"{'max_depth': 4, 'min_samples_leaf': 6, 'min_samples_split': 7}",0.7597852851373978
233,"{'max_depth': 4, 'min_samples_leaf': 6, 'min_samples_split': 8}",0.7597852851373978
234,"{'max_depth': 4, 'min_samples_leaf': 6, 'min_samples_split': 9}",0.7597852851373978
235,"{'max_depth': 4, 'min_samples_leaf': 6, 'min_samples_split': 10}",0.7597852851373978
236,"{'max_depth': 4, 'min_samples_leaf': 6, 'min_samples_split': 11}",0.7597852851373978
237,"{'max_depth': 4, 'min_samples_leaf': 6, 'min_samples_split': 12}",0.7597852851373978
238,"{'max_depth': 4, 'min_samples_leaf': 6, 'min_samples_split': 13}",0.7597852851373978
239,"{'max_depth': 4, 'min_samples_leaf': 6, 'min_samples_split': 14}",0.7597852851373978
240,"{'max_depth': 4, 'min_samples_leaf': 7, 'min_samples_split': 5}",0.7597852851373978
241,"{'max_depth': 4, 'min_samples_leaf': 7, 'min_samples_split': 6}",0.7597852851373978
242,"{'max_depth': 4, 'min_samples_leaf': 7, 'min_samples_split': 7}",0.7597852851373978
243,"{'max_depth': 4, 'min_samples_leaf': 7, 'min_samples_split': 8}",0.7597852851373978
244,"{'max_depth': 4, 'min_samples_leaf': 7, 'min_samples_split': 9}",0.7597852851373978
245,"{'max_depth': 4, 'min_samples_leaf': 7, 'min_samples_split': 10}",0.7597852851373978
246,"{'max_depth': 4, 'min_samples_leaf': 7, 'min_samples_split': 11}",0.7597852851373978
247,"{'max_depth': 4, 'min_samples_leaf': 7, 'min_samples_split': 12}",0.7597852851373978
248,"{'max_depth': 4, 'min_samples_leaf': 7, 'min_samples_split': 13}",0.7597852851373978
249,"{'max_depth': 4, 'min_samples_leaf': 7, 'min_samples_split': 14}",0.7597852851373978
250,"{'max_depth': 4, 'min_samples_leaf': 8, 'min_samples_split': 5}",0.7597852851373978
251,"{'max_depth': 4, 'min_samples_leaf': 8, 'min_samples_split': 6}",0.7597852851373978
252,"{'max_depth': 4, 'min_samples_leaf': 8, 'min_samples_split': 7}",0.7597852851373978
253,"{'max_depth': 4, 'min_samples_leaf': 8, 'min_samples_split': 8}",0.7597852851373978
254,"{'max_depth': 4, 'min_samples_leaf': 8, 'min_samples_split': 9}",0.7597852851373978
255,"{'max_depth': 4, 'min_samples_leaf': 8, 'min_samples_split': 10}",0.7597852851373978
256,"{'max_depth': 4, 'min_samples_leaf': 8, 'min_samples_split': 11}",0.7597852851373978
257,"{'max_depth': 4, 'min_samples_leaf': 8, 'min_samples_split': 12}",0.7597852851373978
258,"{'max_depth': 4, 'min_samples_leaf': 8, 'min_samples_split': 13}",0.7597852851373978
259,"{'max_depth': 4, 'min_samples_leaf': 8, 'min_samples_split': 14}",0.7597852851373978
260,"{'max_depth': 4, 'min_samples_leaf': 9, 'min_samples_split': 5}",0.7597852851373978
261,"{'max_depth': 4, 'min_samples_leaf': 9, 'min_samples_split': 6}",0.7597852851373978
262,"{'max_depth': 4, 'min_samples_leaf': 9, 'min_samples_split': 7}",0.7597852851373978
263,"{'max_depth': 4, 'min_samples_leaf': 9, 'min_samples_split': 8}",0.7597852851373978
264,"{'max_depth': 4, 'min_samples_leaf': 9, 'min_samples_split': 9}",0.7597852851373978
265,"{'max_depth': 4, 'min_samples_leaf': 9, 'min_samples_split': 10}",0.7597852851373978
266,"{'max_depth': 4, 'min_samples_leaf': 9, 'min_samples_split': 11}",0.7597852851373978
267,"{'max_depth': 4, 'min_samples_leaf': 9, 'min_samples_split': 12}",0.7597852851373978
268,"{'max_depth': 4, 'min_samples_leaf': 9, 'min_samples_split': 13}",0.7597852851373978
269,"{'max_depth': 4, 'min_samples_leaf': 9, 'min_samples_split': 14}",0.7597852851373978
270,"{'max_depth': 5, 'min_samples_leaf': 1, 'min_samples_split': 5}",0.7836403033586132
271,"{'max_depth': 5, 'min_samples_leaf': 1, 'min_samples_split': 6}",0.7780163498473358
272,"{'max_depth': 5, 'min_samples_leaf': 1, 'min_samples_split': 7}",0.7808431005614104
273,"{'max_depth': 5, 'min_samples_leaf': 1, 'min_samples_split': 8}",0.7822318526543878
274,"{'max_depth': 5, 'min_samples_leaf': 1, 'min_samples_split': 9}",0.7836403033586132
275,"{'max_depth': 5, 'min_samples_leaf': 1, 'min_samples_split': 10}",0.7808431005614104
276,"{'max_depth': 5, 'min_samples_leaf': 1, 'min_samples_split': 11}",0.779434649857185
277,"{'max_depth': 5, 'min_samples_leaf': 1, 'min_samples_split': 12}",0.779424800551561
278,"{'max_depth': 5, 'min_samples_leaf': 1, 'min_samples_split': 13}",0.7808431005614104
279,"{'max_depth': 5, 'min_samples_leaf': 1, 'min_samples_split': 14}",0.7794248005515612
280,"{'max_depth': 5, 'min_samples_leaf': 2, 'min_samples_split': 5}",0.7710430414655767
281,"{'max_depth': 5, 'min_samples_leaf': 2, 'min_samples_split': 6}",0.7710430414655767
282,"{'max_depth': 5, 'min_samples_leaf': 2, 'min_samples_split': 7}",0.7710430414655767
283,"{'max_depth': 5, 'min_samples_leaf': 2, 'min_samples_split': 8}",0.7738303949571554
284,"{'max_depth': 5, 'min_samples_leaf': 2, 'min_samples_split': 9}",0.7752388456613809
285,"{'max_depth': 5, 'min_samples_leaf': 2, 'min_samples_split': 10}",0.7724219442529302
286,"{'max_depth': 5, 'min_samples_leaf': 2, 'min_samples_split': 11}",0.7724219442529302
287,"{'max_depth': 5, 'min_samples_leaf': 2, 'min_samples_split': 12}",0.7724219442529302
288,"{'max_depth': 5, 'min_samples_leaf': 2, 'min_samples_split': 13}",0.7710233428543287
289,"{'max_depth': 5, 'min_samples_leaf': 2, 'min_samples_split': 14}",0.7724219442529302
290,"{'max_depth': 5, 'min_samples_leaf': 3, 'min_samples_split': 5}",0.7780261991529598
291,"{'max_depth': 5, 'min_samples_leaf': 3, 'min_samples_split': 6}",0.7766177484487343
292,"{'max_depth': 5, 'min_samples_leaf': 3, 'min_samples_split': 7}",0.7766177484487343
293,"{'max_depth': 5, 'min_samples_leaf': 3, 'min_samples_split': 8}",0.7780163498473357
294,"{'max_depth': 5, 'min_samples_leaf': 3, 'min_samples_split': 9}",0.779424800551561
295,"{'max_depth': 5, 'min_samples_leaf': 3, 'min_samples_split': 10}",0.7752092977445091
296,"{'max_depth': 5, 'min_samples_leaf': 3, 'min_samples_split': 11}",0.7752092977445091
297,"{'max_depth': 5, 'min_samples_leaf': 3, 'min_samples_split': 12}",0.7752092977445091
298,"{'max_depth': 5, 'min_samples_leaf': 3, 'min_samples_split': 13}",0.7752092977445091
299,"{'max_depth': 5, 'min_samples_leaf': 3, 'min_samples_split': 14}",0.7766078991431103
300,"{'max_depth': 5, 'min_samples_leaf': 4, 'min_samples_split': 5}",0.7780360484585837
301,"{'max_depth': 5, 'min_samples_leaf': 4, 'min_samples_split': 6}",0.7780261991529598
302,"{'max_depth': 5, 'min_samples_leaf': 4, 'min_samples_split': 7}",0.7808332512557865
303,"{'max_depth': 5, 'min_samples_leaf': 4, 'min_samples_split': 8}",0.7780360484585837
304,"{'max_depth': 5, 'min_samples_leaf': 4, 'min_samples_split': 9}",0.7808332512557865
305,"{'max_depth': 5, 'min_samples_leaf': 4, 'min_samples_split': 10}",0.7766177484487343
306,"{'max_depth': 5, 'min_samples_leaf': 4, 'min_samples_split': 11}",0.7794346498571851
307,"{'max_depth': 5, 'min_samples_leaf': 4, 'min_samples_split': 12}",0.7794346498571851
308,"{'max_depth': 5, 'min_samples_leaf': 4, 'min_samples_split': 13}",0.7836600019698612
309,"{'max_depth': 5, 'min_samples_leaf': 4, 'min_samples_split': 14}",0.7850586033684624
310,"{'max_depth': 5, 'min_samples_leaf': 5, 'min_samples_split': 5}",0.7878459568600414
311,"{'max_depth': 5, 'min_samples_leaf': 5, 'min_samples_split': 6}",0.7878459568600414
312,"{'max_depth': 5, 'min_samples_leaf': 5, 'min_samples_split': 7}",0.7878459568600414
313,"{'max_depth': 5, 'min_samples_leaf': 5, 'min_samples_split': 8}",0.7892544075642668
314,"{'max_depth': 5, 'min_samples_leaf': 5, 'min_samples_split': 9}",0.7878459568600414
315,"{'max_depth': 5, 'min_samples_leaf': 5, 'min_samples_split': 10}",0.7892544075642668
316,"{'max_depth': 5, 'min_samples_leaf': 5, 'min_samples_split': 11}",0.790662858268492
317,"{'max_depth': 5, 'min_samples_leaf': 5, 'min_samples_split': 12}",0.790662858268492
318,"{'max_depth': 5, 'min_samples_leaf': 5, 'min_samples_split': 13}",0.790662858268492
319,"{'max_depth': 5, 'min_samples_leaf': 5, 'min_samples_split': 14}",0.790662858268492
320,"{'max_depth': 5, 'min_samples_leaf': 6, 'min_samples_split': 5}",0.7920713089727174
321,"{'max_depth': 5, 'min_samples_leaf': 6, 'min_samples_split': 6}",0.7920713089727174
322,"{'max_depth': 5, 'min_samples_leaf': 6, 'min_samples_split': 7}",0.7920713089727174
323,"{'max_depth': 5, 'min_samples_leaf': 6, 'min_samples_split': 8}",0.7920713089727174
324,"{'max_depth': 5, 'min_samples_leaf': 6, 'min_samples_split': 9}",0.7920713089727174
325,"{'max_depth': 5, 'min_samples_leaf': 6, 'min_samples_split': 10}",0.7920713089727174
326,"{'max_depth': 5, 'min_samples_leaf': 6, 'min_samples_split': 11}",0.7920713089727174
327,"{'max_depth': 5, 'min_samples_leaf': 6, 'min_samples_split': 12}",0.7920713089727174
328,"{'max_depth': 5, 'min_samples_leaf': 6, 'min_samples_split': 13}",0.7920713089727174
329,"{'max_depth': 5, 'min_samples_leaf': 6, 'min_samples_split': 14}",0.7920713089727174
330,"{'max_depth': 5, 'min_samples_leaf': 7, 'min_samples_split': 5}",0.7934797596769427
331,"{'max_depth': 5, 'min_samples_leaf': 7, 'min_samples_split': 6}",0.7934797596769427
332,"{'max_depth': 5, 'min_samples_leaf': 7, 'min_samples_split': 7}",0.7934797596769427
333,"{'max_depth': 5, 'min_samples_leaf': 7, 'min_samples_split': 8}",0.7934797596769427
334,"{'max_depth': 5, 'min_samples_leaf': 7, 'min_samples_split': 9}",0.7934797596769427
335,"{'max_depth': 5, 'min_samples_leaf': 7, 'min_samples_split': 10}",0.7934797596769427
336,"{'max_depth': 5, 'min_samples_leaf': 7, 'min_samples_split': 11}",0.7934797596769427
337,"{'max_depth': 5, 'min_samples_leaf': 7, 'min_samples_split': 12}",0.7934797596769427
338,"{'max_depth': 5, 'min_samples_leaf': 7, 'min_samples_split': 13}",0.7934797596769427
339,"{'max_depth': 5, 'min_samples_leaf': 7, 'min_samples_split': 14}",0.7934797596769427
340,"{'max_depth': 5, 'min_samples_leaf': 8, 'min_samples_split': 5}",0.7850881512853344
341,"{'max_depth': 5, 'min_samples_leaf': 8, 'min_samples_split': 6}",0.7850881512853344
342,"{'max_depth': 5, 'min_samples_leaf': 8, 'min_samples_split': 7}",0.7850881512853344
343,"{'max_depth': 5, 'min_samples_leaf': 8, 'min_samples_split': 8}",0.7850881512853344
344,"{'max_depth': 5, 'min_samples_leaf': 8, 'min_samples_split': 9}",0.7850881512853344
345,"{'max_depth': 5, 'min_samples_leaf': 8, 'min_samples_split': 10}",0.7850881512853344
346,"{'max_depth': 5, 'min_samples_leaf': 8, 'min_samples_split': 11}",0.7850881512853344
347,"{'max_depth': 5, 'min_samples_leaf': 8, 'min_samples_split': 12}",0.7850881512853344
348,"{'max_depth': 5, 'min_samples_leaf': 8, 'min_samples_split': 13}",0.7850881512853344
349,"{'max_depth': 5, 'min_samples_leaf': 8, 'min_samples_split': 14}",0.7850881512853344
350,"{'max_depth': 5, 'min_samples_leaf': 9, 'min_samples_split': 5}",0.7850881512853344
351,"{'max_depth': 5, 'min_samples_leaf': 9, 'min_samples_split': 6}",0.7850881512853344
352,"{'max_depth': 5, 'min_samples_leaf': 9, 'min_samples_split': 7}",0.7850881512853344
353,"{'max_depth': 5, 'min_samples_leaf': 9, 'min_samples_split': 8}",0.7850881512853344
354,"{'max_depth': 5, 'min_samples_leaf': 9, 'min_samples_split': 9}",0.7850881512853344
355,"{'max_depth': 5, 'min_samples_leaf': 9, 'min_samples_split': 10}",0.7850881512853344
356,"{'max_depth': 5, 'min_samples_leaf': 9, 'min_samples_split': 11}",0.7850881512853344
357,"{'max_depth': 5, 'min_samples_leaf': 9, 'min_samples_split': 12}",0.7850881512853344
358,"{'max_depth': 5, 'min_samples_leaf': 9, 'min_samples_split': 13}",0.7850881512853344
359,"{'max_depth': 5, 'min_samples_leaf': 9, 'min_samples_split': 14}",0.7850881512853344
360,"{'max_depth': 6, 'min_samples_leaf': 1, 'min_samples_split': 5}",0.7963065103910175
361,"{'max_depth': 6, 'min_samples_leaf': 1, 'min_samples_split': 6}",0.79068255687974
362,"{'max_depth': 6, 'min_samples_leaf': 1, 'min_samples_split': 7}",0.7934896089825667
363,"{'max_depth': 6, 'min_samples_leaf': 1, 'min_samples_split': 8}",0.7934994582881908
364,"{'max_depth': 6, 'min_samples_leaf': 1, 'min_samples_split': 9}",0.7920910075839653
365,"{'max_depth': 6, 'min_samples_leaf': 1, 'min_samples_split': 10}",0.7934896089825667
366,"{'max_depth': 6, 'min_samples_leaf': 1, 'min_samples_split': 11}",0.7906924061853638
367,"{'max_depth': 6, 'min_samples_leaf': 1, 'min_samples_split': 12}",0.7962966610853934
368,"{'max_depth': 6, 'min_samples_leaf': 1, 'min_samples_split': 13}",0.7934994582881908
369,"{'max_depth': 6, 'min_samples_leaf': 1, 'min_samples_split': 14}",0.7920910075839653
370,"{'max_depth': 6, 'min_samples_leaf': 2, 'min_samples_split': 5}",0.7934994582881907
371,"{'max_depth': 6, 'min_samples_leaf': 2, 'min_samples_split': 6}",0.7921107061952133
372,"{'max_depth': 6, 'min_samples_leaf': 2, 'min_samples_split': 7}",0.790692406185364
373,"{'max_depth': 6, 'min_samples_leaf': 2, 'min_samples_split': 8}",0.7920811582783414
374,"{'max_depth': 6, 'min_samples_leaf': 2, 'min_samples_split': 9}",0.7920910075839653
375,"{'max_depth': 6, 'min_samples_leaf': 2, 'min_samples_split': 10}",0.7864670540726879
376,"{'max_depth': 6, 'min_samples_leaf': 2, 'min_samples_split': 11}",0.7878656554712893
377,"{'max_depth': 6, 'min_samples_leaf': 2, 'min_samples_split': 12}",0.7864572047670639
378,"{'max_depth': 6, 'min_samples_leaf': 2, 'min_samples_split': 13}",0.7850586033684626
379,"{'max_depth': 6, 'min_samples_leaf': 2, 'min_samples_split': 14}",0.7850684526740864
380,"{'max_depth': 6, 'min_samples_leaf': 3, 'min_samples_split': 5}",0.7976854131783709
381,"{'max_depth': 6, 'min_samples_leaf': 3, 'min_samples_split': 6}",0.7976854131783709
382,"{'max_depth': 6, 'min_samples_leaf': 3, 'min_samples_split': 7}",0.7962769624741457
383,"{'max_depth': 6, 'min_samples_leaf': 3, 'min_samples_split': 8}",0.7948586624642964
384,"{'max_depth': 6, 'min_samples_leaf': 3, 'min_samples_split': 9}",0.7962671131685217
385,"{'max_depth': 6, 'min_samples_leaf': 3, 'min_samples_split': 10}",0.7906431596572442
386,"{'max_depth': 6, 'min_samples_leaf': 3, 'min_samples_split': 11}",0.7906431596572442
387,"{'max_depth': 6, 'min_samples_leaf': 3, 'min_samples_split': 12}",0.7906431596572442
388,"{'max_depth': 6, 'min_samples_leaf': 3, 'min_samples_split': 13}",0.7906431596572442
389,"{'max_depth': 6, 'min_samples_leaf': 3, 'min_samples_split': 14}",0.7906431596572442
390,"{'max_depth': 6, 'min_samples_leaf': 4, 'min_samples_split': 5}",0.8033093666896484
391,"{'max_depth': 6, 'min_samples_leaf': 4, 'min_samples_split': 6}",0.7991037131882202
392,"{'max_depth': 6, 'min_samples_leaf': 4, 'min_samples_split': 7}",0.801900915985423
393,"{'max_depth': 6, 'min_samples_leaf': 4, 'min_samples_split': 8}",0.8004924652811976
394,"{'max_depth': 6, 'min_samples_leaf': 4, 'min_samples_split': 9}",0.8004924652811976
395,"{'max_depth': 6, 'min_samples_leaf': 4, 'min_samples_split': 10}",0.7962769624741456
396,"{'max_depth': 6, 'min_samples_leaf': 4, 'min_samples_split': 11}",0.7990938638825963
397,"{'max_depth': 6, 'min_samples_leaf': 4, 'min_samples_split': 12}",0.7990938638825963
398,"{'max_depth': 6, 'min_samples_leaf': 4, 'min_samples_split': 13}",0.8033192159952722
399,"{'max_depth': 6, 'min_samples_leaf': 4, 'min_samples_split': 14}",0.8033192159952722
400,"{'max_depth': 6, 'min_samples_leaf': 5, 'min_samples_split': 5}",0.8005417118093174
401,"{'max_depth': 6, 'min_samples_leaf': 5, 'min_samples_split': 6}",0.7991332611050921
402,"{'max_depth': 6, 'min_samples_leaf': 5, 'min_samples_split': 7}",0.7991332611050921
403,"{'max_depth': 6, 'min_samples_leaf': 5, 'min_samples_split': 8}",0.7991332611050921
404,"{'max_depth': 6, 'min_samples_leaf': 5, 'min_samples_split': 9}",0.7991332611050921
405,"{'max_depth': 6, 'min_samples_leaf': 5, 'min_samples_split': 10}",0.7991332611050921
406,"{'max_depth': 6, 'min_samples_leaf': 5, 'min_samples_split': 11}",0.8019501625135428
407,"{'max_depth': 6, 'min_samples_leaf': 5, 'min_samples_split': 12}",0.8019501625135428
408,"{'max_depth': 6, 'min_samples_leaf': 5, 'min_samples_split': 13}",0.8019501625135428
409,"{'max_depth': 6, 'min_samples_leaf': 5, 'min_samples_split': 14}",0.8019501625135428
410,"{'max_depth': 6, 'min_samples_leaf': 6, 'min_samples_split': 5}",0.8033586132177681
411,"{'max_depth': 6, 'min_samples_leaf': 6, 'min_samples_split': 6}",0.8033586132177681
412,"{'max_depth': 6, 'min_samples_leaf': 6, 'min_samples_split': 7}",0.8033586132177681
413,"{'max_depth': 6, 'min_samples_leaf': 6, 'min_samples_split': 8}",0.8033586132177681
414,"{'max_depth': 6, 'min_samples_leaf': 6, 'min_samples_split': 9}",0.8033586132177681
415,"{'max_depth': 6, 'min_samples_leaf': 6, 'min_samples_split': 10}",0.8033586132177681
416,"{'max_depth': 6, 'min_samples_leaf': 6, 'min_samples_split': 11}",0.8033586132177681
417,"{'max_depth': 6, 'min_samples_leaf': 6, 'min_samples_split': 12}",0.8033586132177681
418,"{'max_depth': 6, 'min_samples_leaf': 6, 'min_samples_split': 13}",0.8033586132177681
419,"{'max_depth': 6, 'min_samples_leaf': 6, 'min_samples_split': 14}",0.8033586132177681
420,"{'max_depth': 6, 'min_samples_leaf': 7, 'min_samples_split': 5}",0.8033586132177681
421,"{'max_depth': 6, 'min_samples_leaf': 7, 'min_samples_split': 6}",0.8033586132177681
422,"{'max_depth': 6, 'min_samples_leaf': 7, 'min_samples_split': 7}",0.8033586132177681
423,"{'max_depth': 6, 'min_samples_leaf': 7, 'min_samples_split': 8}",0.8033586132177681
424,"{'max_depth': 6, 'min_samples_leaf': 7, 'min_samples_split': 9}",0.8033586132177681
425,"{'max_depth': 6, 'min_samples_leaf': 7, 'min_samples_split': 10}",0.8033586132177681
426,"{'max_depth': 6, 'min_samples_leaf': 7, 'min_samples_split': 11}",0.8033586132177681
427,"{'max_depth': 6, 'min_samples_leaf': 7, 'min_samples_split': 12}",0.8033586132177681
428,"{'max_depth': 6, 'min_samples_leaf': 7, 'min_samples_split': 13}",0.8033586132177681
429,"{'max_depth': 6, 'min_samples_leaf': 7, 'min_samples_split': 14}",0.8033586132177681
430,"{'max_depth': 6, 'min_samples_leaf': 8, 'min_samples_split': 5}",0.7893529006205063
431,"{'max_depth': 6, 'min_samples_leaf': 8, 'min_samples_split': 6}",0.7893529006205063
432,"{'max_depth': 6, 'min_samples_leaf': 8, 'min_samples_split': 7}",0.7893529006205063
433,"{'max_depth': 6, 'min_samples_leaf': 8, 'min_samples_split': 8}",0.7893529006205063
434,"{'max_depth': 6, 'min_samples_leaf': 8, 'min_samples_split': 9}",0.7893529006205063
435,"{'max_depth': 6, 'min_samples_leaf': 8, 'min_samples_split': 10}",0.7893529006205063
436,"{'max_depth': 6, 'min_samples_leaf': 8, 'min_samples_split': 11}",0.7893529006205063
437,"{'max_depth': 6, 'min_samples_leaf': 8, 'min_samples_split': 12}",0.7893529006205063
438,"{'max_depth': 6, 'min_samples_leaf': 8, 'min_samples_split': 13}",0.7893529006205063
439,"{'max_depth': 6, 'min_samples_leaf': 8, 'min_samples_split': 14}",0.7893529006205063
440,"{'max_depth': 6, 'min_samples_leaf': 9, 'min_samples_split': 5}",0.7850980005909582
441,"{'max_depth': 6, 'min_samples_leaf': 9, 'min_samples_split': 6}",0.7822810991825075
442,"{'max_depth': 6, 'min_samples_leaf': 9, 'min_samples_split': 7}",0.7822810991825075
443,"{'max_depth': 6, 'min_samples_leaf': 9, 'min_samples_split': 8}",0.7822810991825075
444,"{'max_depth': 6, 'min_samples_leaf': 9, 'min_samples_split': 9}",0.7822810991825075
445,"{'max_depth': 6, 'min_samples_leaf': 9, 'min_samples_split': 10}",0.7850980005909582
446,"{'max_depth': 6, 'min_samples_leaf': 9, 'min_samples_split': 11}",0.7850980005909582
447,"{'max_depth': 6, 'min_samples_leaf': 9, 'min_samples_split': 12}",0.7822810991825075
448,"{'max_depth': 6, 'min_samples_leaf': 9, 'min_samples_split': 13}",0.7850980005909582
449,"{'max_depth': 6, 'min_samples_leaf': 9, 'min_samples_split': 14}",0.7822810991825075
450,"{'max_depth': 7, 'min_samples_leaf': 1, 'min_samples_split': 5}",0.8019403132079187
451,"{'max_depth': 7, 'min_samples_leaf': 1, 'min_samples_split': 6}",0.8005515611149414
452,"{'max_depth': 7, 'min_samples_leaf': 1, 'min_samples_split': 7}",0.8061558160149709
453,"{'max_depth': 7, 'min_samples_leaf': 1, 'min_samples_split': 8}",0.7977149610952429
454,"{'max_depth': 7, 'min_samples_leaf': 1, 'min_samples_split': 9}",0.8033389146065202
455,"{'max_depth': 7, 'min_samples_leaf': 1, 'min_samples_split': 10}",0.8019304639022948
456,"{'max_depth': 7, 'min_samples_leaf': 1, 'min_samples_split': 11}",0.8005318625036935
457,"{'max_depth': 7, 'min_samples_leaf': 1, 'min_samples_split': 12}",0.7991234117994681
458,"{'max_depth': 7, 'min_samples_leaf': 1, 'min_samples_split': 13}",0.7991234117994681
459,"{'max_depth': 7, 'min_samples_leaf': 1, 'min_samples_split': 14}",0.7977248104008667
460,"{'max_depth': 7, 'min_samples_leaf': 2, 'min_samples_split': 5}",0.7907022554909879
461,"{'max_depth': 7, 'min_samples_leaf': 2, 'min_samples_split': 6}",0.794907908992416
462,"{'max_depth': 7, 'min_samples_leaf': 2, 'min_samples_split': 7}",0.7963163596966414
463,"{'max_depth': 7, 'min_samples_leaf': 2, 'min_samples_split': 8}",0.7962966610853935
464,"{'max_depth': 7, 'min_samples_leaf': 2, 'min_samples_split': 9}",0.7976952624839949
465,"{'max_depth': 7, 'min_samples_leaf': 2, 'min_samples_split': 10}",0.7920713089727174
466,"{'max_depth': 7, 'min_samples_leaf': 2, 'min_samples_split': 11}",0.7892741061755146
467,"{'max_depth': 7, 'min_samples_leaf': 2, 'min_samples_split': 12}",0.7962868117797696
468,"{'max_depth': 7, 'min_samples_leaf': 2, 'min_samples_split': 13}",0.7920811582783414
469,"{'max_depth': 7, 'min_samples_leaf': 2, 'min_samples_split': 14}",0.790692406185364
470,"{'max_depth': 7, 'min_samples_leaf': 3, 'min_samples_split': 5}",0.8061755146262188
471,"{'max_depth': 7, 'min_samples_leaf': 3, 'min_samples_split': 6}",0.8047670639219934
472,"{'max_depth': 7, 'min_samples_leaf': 3, 'min_samples_split': 7}",0.8047670639219934
473,"{'max_depth': 7, 'min_samples_leaf': 3, 'min_samples_split': 8}",0.8019403132079187
474,"{'max_depth': 7, 'min_samples_leaf': 3, 'min_samples_split': 9}",0.8005318625036935
475,"{'max_depth': 7, 'min_samples_leaf': 3, 'min_samples_split': 10}",0.799133261105092
476,"{'max_depth': 7, 'min_samples_leaf': 3, 'min_samples_split': 11}",0.799133261105092
477,"{'max_depth': 7, 'min_samples_leaf': 3, 'min_samples_split': 12}",0.8005417118093174
478,"{'max_depth': 7, 'min_samples_leaf': 3, 'min_samples_split': 13}",0.8005417118093174
479,"{'max_depth': 7, 'min_samples_leaf': 3, 'min_samples_split': 14}",0.8005417118093174
480,"{'max_depth': 7, 'min_samples_leaf': 4, 'min_samples_split': 5}",0.8061459667093469
481,"{'max_depth': 7, 'min_samples_leaf': 4, 'min_samples_split': 6}",0.8005220131980696
482,"{'max_depth': 7, 'min_samples_leaf': 4, 'min_samples_split': 7}",0.8019403132079189
483,"{'max_depth': 7, 'min_samples_leaf': 4, 'min_samples_split': 8}",0.8005318625036935
484,"{'max_depth': 7, 'min_samples_leaf': 4, 'min_samples_split': 9}",0.8033290653008962
485,"{'max_depth': 7, 'min_samples_leaf': 4, 'min_samples_split': 10}",0.7991135624938442
486,"{'max_depth': 7, 'min_samples_leaf': 4, 'min_samples_split': 11}",0.8005220131980696
487,"{'max_depth': 7, 'min_samples_leaf': 4, 'min_samples_split': 12}",0.8033389146065202
488,"{'max_depth': 7, 'min_samples_leaf': 4, 'min_samples_split': 13}",0.8089727174234216
489,"{'max_depth': 7, 'min_samples_leaf': 4, 'min_samples_split': 14}",0.8089727174234216
490,"{'max_depth': 7, 'min_samples_leaf': 5, 'min_samples_split': 5}",0.7977149610952429
491,"{'max_depth': 7, 'min_samples_leaf': 5, 'min_samples_split': 6}",0.7935093075938147
492,"{'max_depth': 7, 'min_samples_leaf': 5, 'min_samples_split': 7}",0.7977149610952429
493,"{'max_depth': 7, 'min_samples_leaf': 5, 'min_samples_split': 8}",0.7991234117994682
494,"{'max_depth': 7, 'min_samples_leaf': 5, 'min_samples_split': 9}",0.7977149610952428
495,"{'max_depth': 7, 'min_samples_leaf': 5, 'min_samples_split': 10}",0.7963163596966413
496,"{'max_depth': 7, 'min_samples_leaf': 5, 'min_samples_split': 11}",0.7963262090022654
497,"{'max_depth': 7, 'min_samples_leaf': 5, 'min_samples_split': 12}",0.8005515611149414
498,"{'max_depth': 7, 'min_samples_leaf': 5, 'min_samples_split': 13}",0.8033684625233921
499,"{'max_depth': 7, 'min_samples_leaf': 5, 'min_samples_split': 14}",0.8033684625233921
500,"{'max_depth': 7, 'min_samples_leaf': 6, 'min_samples_split': 5}",0.803378311829016
501,"{'max_depth': 7, 'min_samples_leaf': 6, 'min_samples_split': 6}",0.803378311829016
502,"{'max_depth': 7, 'min_samples_leaf': 6, 'min_samples_split': 7}",0.803378311829016
503,"{'max_depth': 7, 'min_samples_leaf': 6, 'min_samples_split': 8}",0.8019797104304146
504,"{'max_depth': 7, 'min_samples_leaf': 6, 'min_samples_split': 9}",0.803378311829016
505,"{'max_depth': 7, 'min_samples_leaf': 6, 'min_samples_split': 10}",0.803378311829016
506,"{'max_depth': 7, 'min_samples_leaf': 6, 'min_samples_split': 11}",0.803378311829016
507,"{'max_depth': 7, 'min_samples_leaf': 6, 'min_samples_split': 12}",0.8019797104304146
508,"{'max_depth': 7, 'min_samples_leaf': 6, 'min_samples_split': 13}",0.8061952132374668
509,"{'max_depth': 7, 'min_samples_leaf': 6, 'min_samples_split': 14}",0.8061952132374668
510,"{'max_depth': 7, 'min_samples_leaf': 7, 'min_samples_split': 5}",0.8061952132374668
511,"{'max_depth': 7, 'min_samples_leaf': 7, 'min_samples_split': 6}",0.8090022653402935
512,"{'max_depth': 7, 'min_samples_leaf': 7, 'min_samples_split': 7}",0.807593814636068
513,"{'max_depth': 7, 'min_samples_leaf': 7, 'min_samples_split': 8}",0.807593814636068
514,"{'max_depth': 7, 'min_samples_leaf': 7, 'min_samples_split': 9}",0.8047867625332413
515,"{'max_depth': 7, 'min_samples_leaf': 7, 'min_samples_split': 10}",0.8047867625332413
516,"{'max_depth': 7, 'min_samples_leaf': 7, 'min_samples_split': 11}",0.8047769132276175
517,"{'max_depth': 7, 'min_samples_leaf': 7, 'min_samples_split': 12}",0.8076036639416921
518,"{'max_depth': 7, 'min_samples_leaf': 7, 'min_samples_split': 13}",0.8090121146459174
519,"{'max_depth': 7, 'min_samples_leaf': 7, 'min_samples_split': 14}",0.8076036639416921
520,"{'max_depth': 7, 'min_samples_leaf': 8, 'min_samples_split': 5}",0.792169802028957
521,"{'max_depth': 7, 'min_samples_leaf': 8, 'min_samples_split': 6}",0.7907712006303556
522,"{'max_depth': 7, 'min_samples_leaf': 8, 'min_samples_split': 7}",0.7907712006303556
523,"{'max_depth': 7, 'min_samples_leaf': 8, 'min_samples_split': 8}",0.7907712006303556
524,"{'max_depth': 7, 'min_samples_leaf': 8, 'min_samples_split': 9}",0.792169802028957
525,"{'max_depth': 7, 'min_samples_leaf': 8, 'min_samples_split': 10}",0.7907712006303556
526,"{'max_depth': 7, 'min_samples_leaf': 8, 'min_samples_split': 11}",0.7907712006303556
527,"{'max_depth': 7, 'min_samples_leaf': 8, 'min_samples_split': 12}",0.792169802028957
528,"{'max_depth': 7, 'min_samples_leaf': 8, 'min_samples_split': 13}",0.792169802028957
529,"{'max_depth': 7, 'min_samples_leaf': 8, 'min_samples_split': 14}",0.792169802028957
530,"{'max_depth': 7, 'min_samples_leaf': 9, 'min_samples_split': 5}",0.7836993991923569
531,"{'max_depth': 7, 'min_samples_leaf': 9, 'min_samples_split': 6}",0.7836993991923569
532,"{'max_depth': 7, 'min_samples_leaf': 9, 'min_samples_split': 7}",0.7865163006008076
533,"{'max_depth': 7, 'min_samples_leaf': 9, 'min_samples_split': 8}",0.7865163006008076
534,"{'max_depth': 7, 'min_samples_leaf': 9, 'min_samples_split': 9}",0.7851176992022062
535,"{'max_depth': 7, 'min_samples_leaf': 9, 'min_samples_split': 10}",0.7823007977937555
536,"{'max_depth': 7, 'min_samples_leaf': 9, 'min_samples_split': 11}",0.7851176992022062
537,"{'max_depth': 7, 'min_samples_leaf': 9, 'min_samples_split': 12}",0.7851176992022062
538,"{'max_depth': 7, 'min_samples_leaf': 9, 'min_samples_split': 13}",0.7851176992022062
539,"{'max_depth': 7, 'min_samples_leaf': 9, 'min_samples_split': 14}",0.7851176992022062
540,"{'max_depth': 8, 'min_samples_leaf': 1, 'min_samples_split': 5}",0.8061656653205949
541,"{'max_depth': 8, 'min_samples_leaf': 1, 'min_samples_split': 6}",0.8061755146262188
542,"{'max_depth': 8, 'min_samples_leaf': 1, 'min_samples_split': 7}",0.8104008667388948
543,"{'max_depth': 8, 'min_samples_leaf': 1, 'min_samples_split': 8}",0.8019600118191669
544,"{'max_depth': 8, 'min_samples_leaf': 1, 'min_samples_split': 9}",0.8047572146163695
545,"{'max_depth': 8, 'min_samples_leaf': 1, 'min_samples_split': 10}",0.8005417118093174
546,"{'max_depth': 8, 'min_samples_leaf': 1, 'min_samples_split': 11}",0.7977346597064907
547,"{'max_depth': 8, 'min_samples_leaf': 1, 'min_samples_split': 12}",0.7963262090022654
548,"{'max_depth': 8, 'min_samples_leaf': 1, 'min_samples_split': 13}",0.8019403132079189
549,"{'max_depth': 8, 'min_samples_leaf': 1, 'min_samples_split': 14}",0.7991234117994681
550,"{'max_depth': 8, 'min_samples_leaf': 2, 'min_samples_split': 5}",0.7963163596966415
551,"{'max_depth': 8, 'min_samples_leaf': 2, 'min_samples_split': 6}",0.7977346597064907
552,"{'max_depth': 8, 'min_samples_leaf': 2, 'min_samples_split': 7}",0.8005614104205654
553,"{'max_depth': 8, 'min_samples_leaf': 2, 'min_samples_split': 8}",0.8033192159952722
554,"{'max_depth': 8, 'min_samples_leaf': 2, 'min_samples_split': 9}",0.7977051117896188
555,"{'max_depth': 8, 'min_samples_leaf': 2, 'min_samples_split': 10}",0.7963065103910175
556,"{'max_depth': 8, 'min_samples_leaf': 2, 'min_samples_split': 11}",0.7977051117896188
557,"{'max_depth': 8, 'min_samples_leaf': 2, 'min_samples_split': 12}",0.7948980596867921
558,"{'max_depth': 8, 'min_samples_leaf': 2, 'min_samples_split': 13}",0.7963163596966414
559,"{'max_depth': 8, 'min_samples_leaf': 2, 'min_samples_split': 14}",0.7934994582881908
560,"{'max_depth': 8, 'min_samples_leaf': 3, 'min_samples_split': 5}",0.7962769624741456
561,"{'max_depth': 8, 'min_samples_leaf': 3, 'min_samples_split': 6}",0.7934797596769428
562,"{'max_depth': 8, 'min_samples_leaf': 3, 'min_samples_split': 7}",0.7920614596670934
563,"{'max_depth': 8, 'min_samples_leaf': 3, 'min_samples_split': 8}",0.7948586624642964
564,"{'max_depth': 8, 'min_samples_leaf': 3, 'min_samples_split': 9}",0.793440362454447
565,"{'max_depth': 8, 'min_samples_leaf': 3, 'min_samples_split': 10}",0.7920417610558456
566,"{'max_depth': 8, 'min_samples_leaf': 3, 'min_samples_split': 11}",0.7920417610558456
567,"{'max_depth': 8, 'min_samples_leaf': 3, 'min_samples_split': 12}",0.793450211760071
568,"{'max_depth': 8, 'min_samples_leaf': 3, 'min_samples_split': 13}",0.7906530089628682
569,"{'max_depth': 8, 'min_samples_leaf': 3, 'min_samples_split': 14}",0.7948783610755441
570,"{'max_depth': 8, 'min_samples_leaf': 4, 'min_samples_split': 5}",0.794907908992416
571,"{'max_depth': 8, 'min_samples_leaf': 4, 'min_samples_split': 6}",0.7963065103910175
572,"{'max_depth': 8, 'min_samples_leaf': 4, 'min_samples_split': 7}",0.7991037131882203
573,"{'max_depth': 8, 'min_samples_leaf': 4, 'min_samples_split': 8}",0.7977051117896188
574,"{'max_depth': 8, 'min_samples_leaf': 4, 'min_samples_split': 9}",0.7934896089825667
575,"{'max_depth': 8, 'min_samples_leaf': 4, 'min_samples_split': 10}",0.7920811582783415
576,"{'max_depth': 8, 'min_samples_leaf': 4, 'min_samples_split': 11}",0.79068255687974
577,"{'max_depth': 8, 'min_samples_leaf': 4, 'min_samples_split': 12}",0.8005220131980696
578,"{'max_depth': 8, 'min_samples_leaf': 4, 'min_samples_split': 13}",0.8033586132177681
579,"{'max_depth': 8, 'min_samples_leaf': 4, 'min_samples_split': 14}",0.8033586132177681
580,"{'max_depth': 8, 'min_samples_leaf': 5, 'min_samples_split': 5}",0.7850881512853345
581,"{'max_depth': 8, 'min_samples_leaf': 5, 'min_samples_split': 6}",0.7822810991825075
582,"{'max_depth': 8, 'min_samples_leaf': 5, 'min_samples_split': 7}",0.7850980005909582
583,"{'max_depth': 8, 'min_samples_leaf': 5, 'min_samples_split': 8}",0.7822810991825075
584,"{'max_depth': 8, 'min_samples_leaf': 5, 'min_samples_split': 9}",0.7836895498867329
585,"{'max_depth': 8, 'min_samples_leaf': 5, 'min_samples_split': 10}",0.7850881512853344
586,"{'max_depth': 8, 'min_samples_leaf': 5, 'min_samples_split': 11}",0.7850881512853345
587,"{'max_depth': 8, 'min_samples_leaf': 5, 'min_samples_split': 12}",0.7907219541022358
588,"{'max_depth': 8, 'min_samples_leaf': 5, 'min_samples_split': 13}",0.7935388555106865
589,"{'max_depth': 8, 'min_samples_leaf': 5, 'min_samples_split': 14}",0.7935388555106865
590,"{'max_depth': 8, 'min_samples_leaf': 6, 'min_samples_split': 5}",0.796375455530385
591,"{'max_depth': 8, 'min_samples_leaf': 6, 'min_samples_split': 6}",0.796375455530385
592,"{'max_depth': 8, 'min_samples_leaf': 6, 'min_samples_split': 7}",0.7977740569289865
593,"{'max_depth': 8, 'min_samples_leaf': 6, 'min_samples_split': 8}",0.7977740569289865
594,"{'max_depth': 8, 'min_samples_leaf': 6, 'min_samples_split': 9}",0.7949768541317838
595,"{'max_depth': 8, 'min_samples_leaf': 6, 'min_samples_split': 10}",0.7977740569289865
596,"{'max_depth': 8, 'min_samples_leaf': 6, 'min_samples_split': 11}",0.7949768541317838
597,"{'max_depth': 8, 'min_samples_leaf': 6, 'min_samples_split': 12}",0.796375455530385
598,"{'max_depth': 8, 'min_samples_leaf': 6, 'min_samples_split': 13}",0.7991923569388357
599,"{'max_depth': 8, 'min_samples_leaf': 6, 'min_samples_split': 14}",0.7991825076332119
600,"{'max_depth': 8, 'min_samples_leaf': 7, 'min_samples_split': 5}",0.8033980104402639
601,"{'max_depth': 8, 'min_samples_leaf': 7, 'min_samples_split': 6}",0.7977839062346105
602,"{'max_depth': 8, 'min_samples_leaf': 7, 'min_samples_split': 7}",0.7949768541317838
603,"{'max_depth': 8, 'min_samples_leaf': 7, 'min_samples_split': 8}",0.7977740569289866
604,"{'max_depth': 8, 'min_samples_leaf': 7, 'min_samples_split': 9}",0.7991825076332117
605,"{'max_depth': 8, 'min_samples_leaf': 7, 'min_samples_split': 10}",0.8019994090416626
606,"{'max_depth': 8, 'min_samples_leaf': 7, 'min_samples_split': 11}",0.7977740569289866
607,"{'max_depth': 8, 'min_samples_leaf': 7, 'min_samples_split': 12}",0.8019994090416626
608,"{'max_depth': 8, 'min_samples_leaf': 7, 'min_samples_split': 13}",0.8006008076430611
609,"{'max_depth': 8, 'min_samples_leaf': 7, 'min_samples_split': 14}",0.796375455530385
610,"{'max_depth': 8, 'min_samples_leaf': 8, 'min_samples_split': 5}",0.7837683443317246
611,"{'max_depth': 8, 'min_samples_leaf': 8, 'min_samples_split': 6}",0.7865753964345514
612,"{'max_depth': 8, 'min_samples_leaf': 8, 'min_samples_split': 7}",0.7865655471289275
613,"{'max_depth': 8, 'min_samples_leaf': 8, 'min_samples_split': 8}",0.7823598936274992
614,"{'max_depth': 8, 'min_samples_leaf': 8, 'min_samples_split': 9}",0.7879739978331528
615,"{'max_depth': 8, 'min_samples_leaf': 8, 'min_samples_split': 10}",0.7879739978331528
616,"{'max_depth': 8, 'min_samples_leaf': 8, 'min_samples_split': 11}",0.7865655471289275
617,"{'max_depth': 8, 'min_samples_leaf': 8, 'min_samples_split': 12}",0.7879739978331528
618,"{'max_depth': 8, 'min_samples_leaf': 8, 'min_samples_split': 13}",0.7837683443317246
619,"{'max_depth': 8, 'min_samples_leaf': 8, 'min_samples_split': 14}",0.7879739978331528
620,"{'max_depth': 8, 'min_samples_leaf': 9, 'min_samples_split': 5}",0.7823007977937555
621,"{'max_depth': 8, 'min_samples_leaf': 9, 'min_samples_split': 6}",0.7851176992022062
622,"{'max_depth': 8, 'min_samples_leaf': 9, 'min_samples_split': 7}",0.7836993991923569
623,"{'max_depth': 8, 'min_samples_leaf': 9, 'min_samples_split': 8}",0.787914901999409
624,"{'max_depth': 8, 'min_samples_leaf': 9, 'min_samples_split': 9}",0.7865163006008076
625,"{'max_depth': 8, 'min_samples_leaf': 9, 'min_samples_split': 10}",0.787914901999409
626,"{'max_depth': 8, 'min_samples_leaf': 9, 'min_samples_split': 11}",0.7865163006008076
627,"{'max_depth': 8, 'min_samples_leaf': 9, 'min_samples_split': 12}",0.787914901999409
628,"{'max_depth': 8, 'min_samples_leaf': 9, 'min_samples_split': 13}",0.787914901999409
629,"{'max_depth': 8, 'min_samples_leaf': 9, 'min_samples_split': 14}",0.7865163006008076
630,"{'max_depth': 9, 'min_samples_leaf': 1, 'min_samples_split': 5}",0.8019501625135428
631,"{'max_depth': 9, 'min_samples_leaf': 1, 'min_samples_split': 6}",0.7949571555205358
632,"{'max_depth': 9, 'min_samples_leaf': 1, 'min_samples_split': 7}",0.8047473653107456
633,"{'max_depth': 9, 'min_samples_leaf': 1, 'min_samples_split': 8}",0.8019600118191669
634,"{'max_depth': 9, 'min_samples_leaf': 1, 'min_samples_split': 9}",0.8019698611247907
635,"{'max_depth': 9, 'min_samples_leaf': 1, 'min_samples_split': 10}",0.8061656653205949
636,"{'max_depth': 9, 'min_samples_leaf': 1, 'min_samples_split': 11}",0.8005417118093174
637,"{'max_depth': 9, 'min_samples_leaf': 1, 'min_samples_split': 12}",0.7963262090022654
638,"{'max_depth': 9, 'min_samples_leaf': 1, 'min_samples_split': 13}",0.8019501625135428
639,"{'max_depth': 9, 'min_samples_leaf': 1, 'min_samples_split': 14}",0.8047572146163695
640,"{'max_depth': 9, 'min_samples_leaf': 2, 'min_samples_split': 5}",0.7920713089727174
641,"{'max_depth': 9, 'min_samples_leaf': 2, 'min_samples_split': 6}",0.7864867526839358
642,"{'max_depth': 9, 'min_samples_leaf': 2, 'min_samples_split': 7}",0.7893036540923865
643,"{'max_depth': 9, 'min_samples_leaf': 2, 'min_samples_split': 8}",0.7878656554712892
644,"{'max_depth': 9, 'min_samples_leaf': 2, 'min_samples_split': 9}",0.7906924061853638
645,"{'max_depth': 9, 'min_samples_leaf': 2, 'min_samples_split': 10}",0.783669851275485
646,"{'max_depth': 9, 'min_samples_leaf': 2, 'min_samples_split': 11}",0.7892642568698907
647,"{'max_depth': 9, 'min_samples_leaf': 2, 'min_samples_split': 12}",0.7920713089727174
648,"{'max_depth': 9, 'min_samples_leaf': 2, 'min_samples_split': 13}",0.7906727075741159
649,"{'max_depth': 9, 'min_samples_leaf': 2, 'min_samples_split': 14}",0.7850586033684624
650,"{'max_depth': 9, 'min_samples_leaf': 3, 'min_samples_split': 5}",0.7864769033783119
651,"{'max_depth': 9, 'min_samples_leaf': 3, 'min_samples_split': 6}",0.7920811582783414
652,"{'max_depth': 9, 'min_samples_leaf': 3, 'min_samples_split': 7}",0.7892642568698907
653,"{'max_depth': 9, 'min_samples_leaf': 3, 'min_samples_split': 8}",0.7920811582783415
654,"{'max_depth': 9, 'min_samples_leaf': 3, 'min_samples_split': 9}",0.7878558061656653
655,"{'max_depth': 9, 'min_samples_leaf': 3, 'min_samples_split': 10}",0.7836304540529893
656,"{'max_depth': 9, 'min_samples_leaf': 3, 'min_samples_split': 11}",0.779434649857185
657,"{'max_depth': 9, 'min_samples_leaf': 3, 'min_samples_split': 12}",0.7836403033586132
658,"{'max_depth': 9, 'min_samples_leaf': 3, 'min_samples_split': 13}",0.7822417019600119
659,"{'max_depth': 9, 'min_samples_leaf': 3, 'min_samples_split': 14}",0.7892839554811386
660,"{'max_depth': 9, 'min_samples_leaf': 4, 'min_samples_split': 5}",0.7921205555008372
661,"{'max_depth': 9, 'min_samples_leaf': 4, 'min_samples_split': 6}",0.7893135033980105
662,"{'max_depth': 9, 'min_samples_leaf': 4, 'min_samples_split': 7}",0.7921008568895893
663,"{'max_depth': 9, 'min_samples_leaf': 4, 'min_samples_split': 8}",0.7907121047966118
664,"{'max_depth': 9, 'min_samples_leaf': 4, 'min_samples_split': 9}",0.7892839554811385
665,"{'max_depth': 9, 'min_samples_leaf': 4, 'min_samples_split': 10}",0.7822712498768837
666,"{'max_depth': 9, 'min_samples_leaf': 4, 'min_samples_split': 11}",0.7878853540825371
667,"{'max_depth': 9, 'min_samples_leaf': 4, 'min_samples_split': 12}",0.7935191568994385
668,"{'max_depth': 9, 'min_samples_leaf': 4, 'min_samples_split': 13}",0.799162809021964
669,"{'max_depth': 9, 'min_samples_leaf': 4, 'min_samples_split': 14}",0.799162809021964
670,"{'max_depth': 9, 'min_samples_leaf': 5, 'min_samples_split': 5}",0.7794838963853048
671,"{'max_depth': 9, 'min_samples_leaf': 5, 'min_samples_split': 6}",0.7808824977839063
672,"{'max_depth': 9, 'min_samples_leaf': 5, 'min_samples_split': 7}",0.7809021963951541
673,"{'max_depth': 9, 'min_samples_leaf': 5, 'min_samples_split': 8}",0.783699399192357
674,"{'max_depth': 9, 'min_samples_leaf': 5, 'min_samples_split': 9}",0.7808923470895303
675,"{'max_depth': 9, 'min_samples_leaf': 5, 'min_samples_split': 10}",0.776686693588102
676,"{'max_depth': 9, 'min_samples_leaf': 5, 'min_samples_split': 11}",0.7809021963951541
677,"{'max_depth': 9, 'min_samples_leaf': 5, 'min_samples_split': 12}",0.7865359992120555
678,"{'max_depth': 9, 'min_samples_leaf': 5, 'min_samples_split': 13}",0.7879444499162809
679,"{'max_depth': 9, 'min_samples_leaf': 5, 'min_samples_split': 14}",0.7879444499162809
680,"{'max_depth': 9, 'min_samples_leaf': 6, 'min_samples_split': 5}",0.7935782527331823
681,"{'max_depth': 9, 'min_samples_leaf': 6, 'min_samples_split': 6}",0.7921796513345809
682,"{'max_depth': 9, 'min_samples_leaf': 6, 'min_samples_split': 7}",0.7907810499359795
683,"{'max_depth': 9, 'min_samples_leaf': 6, 'min_samples_split': 8}",0.7935782527331823
684,"{'max_depth': 9, 'min_samples_leaf': 6, 'min_samples_split': 9}",0.7921796513345809
685,"{'max_depth': 9, 'min_samples_leaf': 6, 'min_samples_split': 10}",0.7907810499359795
686,"{'max_depth': 9, 'min_samples_leaf': 6, 'min_samples_split': 11}",0.7935782527331823
687,"{'max_depth': 9, 'min_samples_leaf': 6, 'min_samples_split': 12}",0.7949768541317838
688,"{'max_depth': 9, 'min_samples_leaf': 6, 'min_samples_split': 13}",0.796395154141633
689,"{'max_depth': 9, 'min_samples_leaf': 6, 'min_samples_split': 14}",0.7935881020388063
690,"{'max_depth': 9, 'min_samples_leaf': 7, 'min_samples_split': 5}",0.7963853048360091
691,"{'max_depth': 9, 'min_samples_leaf': 7, 'min_samples_split': 6}",0.8020092583472864
692,"{'max_depth': 9, 'min_samples_leaf': 7, 'min_samples_split': 7}",0.8019994090416626
693,"{'max_depth': 9, 'min_samples_leaf': 7, 'min_samples_split': 8}",0.7949965527430317
694,"{'max_depth': 9, 'min_samples_leaf': 7, 'min_samples_split': 9}",0.7978036048458584
695,"{'max_depth': 9, 'min_samples_leaf': 7, 'min_samples_split': 10}",0.7963853048360091
696,"{'max_depth': 9, 'min_samples_leaf': 7, 'min_samples_split': 11}",0.7949965527430317
697,"{'max_depth': 9, 'min_samples_leaf': 7, 'min_samples_split': 12}",0.796395154141633
698,"{'max_depth': 9, 'min_samples_leaf': 7, 'min_samples_split': 13}",0.7949768541317838
699,"{'max_depth': 9, 'min_samples_leaf': 7, 'min_samples_split': 14}",0.8006106569486852
700,"{'max_depth': 9, 'min_samples_leaf': 8, 'min_samples_split': 5}",0.7823697429331233
701,"{'max_depth': 9, 'min_samples_leaf': 8, 'min_samples_split': 6}",0.7809612922288979
702,"{'max_depth': 9, 'min_samples_leaf': 8, 'min_samples_split': 7}",0.7837781936373486
703,"{'max_depth': 9, 'min_samples_leaf': 8, 'min_samples_split': 8}",0.7809612922288979
704,"{'max_depth': 9, 'min_samples_leaf': 8, 'min_samples_split': 9}",0.7809612922288979
705,"{'max_depth': 9, 'min_samples_leaf': 8, 'min_samples_split': 10}",0.7823697429331233
706,"{'max_depth': 9, 'min_samples_leaf': 8, 'min_samples_split': 11}",0.7851767950359501
707,"{'max_depth': 9, 'min_samples_leaf': 8, 'min_samples_split': 12}",0.7809612922288979
708,"{'max_depth': 9, 'min_samples_leaf': 8, 'min_samples_split': 13}",0.7823598936274994
709,"{'max_depth': 9, 'min_samples_leaf': 8, 'min_samples_split': 14}",0.7837781936373486
710,"{'max_depth': 9, 'min_samples_leaf': 9, 'min_samples_split': 5}",0.7865163006008076
711,"{'max_depth': 9, 'min_samples_leaf': 9, 'min_samples_split': 6}",0.787914901999409
712,"{'max_depth': 9, 'min_samples_leaf': 9, 'min_samples_split': 7}",0.7836993991923569
713,"{'max_depth': 9, 'min_samples_leaf': 9, 'min_samples_split': 8}",0.7865163006008076
714,"{'max_depth': 9, 'min_samples_leaf': 9, 'min_samples_split': 9}",0.7823007977937555
715,"{'max_depth': 9, 'min_samples_leaf': 9, 'min_samples_split': 10}",0.7823007977937555
716,"{'max_depth': 9, 'min_samples_leaf': 9, 'min_samples_split': 11}",0.7823007977937555
717,"{'max_depth': 9, 'min_samples_leaf': 9, 'min_samples_split': 12}",0.7865163006008076
718,"{'max_depth': 9, 'min_samples_leaf': 9, 'min_samples_split': 13}",0.7836993991923569
719,"{'max_depth': 9, 'min_samples_leaf': 9, 'min_samples_split': 14}",0.7850980005909582
